epoch,train_loss,train_acc,val_loss,val_acc,lr,fer_val,raf_val
1,1.8216991524675707,0.3127435064935065,1.5434696674346924,0.4583333333333333,0.0006689734717416378,0.495990376904571,0.3817292006525285
2,1.5069232516474538,0.5281114718614719,1.0408241748809814,0.6895161290322581,0.0013356401384083045,0.7257417802726543,0.6158238172920065
3,1.3173639499779903,0.6181006493506493,0.9360048770904541,0.7370967741935484,0.002,0.7682437850842021,0.6737357259380098
4,1.2369060478169165,0.6524621212121212,0.8800667524337769,0.7561827956989248,0.0019963974885425263,0.7826784282277466,0.702283849918434
5,1.1767479417644022,0.6738095238095239,0.8283065557479858,0.7787634408602151,0.0019856159103477087,0.8035284683239775,0.7283849918433931
6,1.1390932003657024,0.6893939393939394,0.7959474921226501,0.7884408602150538,0.001967732946933499,0.813953488372093,0.736541598694943
7,1.10338738743877,0.7014069264069264,0.7707595229148865,0.8056451612903226,0.0019428774454610842,0.8275862068965517,0.7610114192495921
8,1.0776992817461748,0.7112012987012987,0.7542102336883545,0.8064516129032258,0.0019112284903881358,0.8279871692060946,0.7626427406199021
9,1.057388900936424,0.7193452380952381,0.743821918964386,0.8077956989247311,0.0018730141131611882,0.8291900561347233,0.7642740619902121
10,1.041230691872634,0.7257846320346321,0.7321667671203613,0.8126344086021505,0.0018285096492438421,0.8331996792301524,0.7707993474714518
11,1.0231875171393028,0.736038961038961,0.7244002223014832,0.8145161290322581,0.0017780357543184396,0.8368083400160385,0.7691680261011419
12,1.0008661629317643,0.7383928571428572,0.71620774269104,0.8188172043010753,0.0017219560939545247,0.8420208500400962,0.7716150081566069
13,0.9970052533851558,0.74120670995671,0.709802508354187,0.8204301075268817,0.0016606747233900813,0.842822774659182,0.7748776508972267
14,0.9744717085000241,0.751758658008658,0.7019648551940918,0.8196236559139785,0.0015946331763042867,0.8392141138732959,0.7797716150081566
15,0.9646825714028759,0.7549242424242424,0.6967421770095825,0.8233870967741935,0.0015243072835572319,0.842822774659182,0.7838499184339315
16,0.9553269879642503,0.7568181818181818,0.6903928518295288,0.8276881720430107,0.0014502037448176732,0.847233360064154,0.7879282218597063
17,0.942800251230017,0.7640151515151515,0.6836845278739929,0.8336021505376344,0.0013728564777803088,0.8500400962309543,0.8001631321370309
18,0.9331780782509675,0.7638257575757575,0.6771594882011414,0.8384408602150538,0.0012928227712765503,0.8524458700882117,0.8099510603588908
19,0.9210603536465467,0.7715097402597403,0.6736580729484558,0.8387096774193549,0.0012106792699957266,0.8556535685645549,0.8042414355628059
20,0.912108525104853,0.7739448051948052,0.6687844395637512,0.8400537634408602,0.0011270178197468788,0.8584603047313553,0.802610114192496
21,0.9000844735087771,0.7761363636363636,0.6617531776428223,0.843010752688172,0.0010424412031961486,0.8584603047313553,0.8115823817292006
22,0.8887858921831304,0.7838474025974026,0.6579985022544861,0.842741935483871,0.0009575587968038517,0.8572574178027266,0.8132137030995106
23,0.8777519038229278,0.7853625541125541,0.6545746922492981,0.843010752688172,0.0008729821802531213,0.8580593424218124,0.8123980424143556
24,0.8662278246053886,0.7888798701298702,0.6509303450584412,0.8475806451612903,0.000789320730004274,0.8612670408981555,0.8197389885807504
25,0.8541847574246394,0.7953192640692641,0.6480464935302734,0.8470430107526882,0.0007071772287234495,0.8612670408981555,0.8181076672104405
26,0.8512623880332683,0.7955627705627706,0.6457566618919373,0.8473118279569892,0.0006271435222196915,0.8628708901363272,0.8156606851549756
27,0.8373468761836296,0.7992965367965368,0.6434813141822815,0.8475806451612903,0.0005497962551823265,0.8652766639935846,0.8115823817292006
28,0.8250741039519702,0.8079816017316017,0.6409397721290588,0.8513440860215054,0.00047569271644276845,0.8680834001603849,0.8172920065252854
29,0.8218433652089272,0.8065746753246753,0.6383387446403503,0.85,0.0004053668236957133,0.8700882117080995,0.8091353996737357
30,0.8109500096989917,0.8110930735930736,0.6356768012046814,0.853494623655914,0.00033932527660991875,0.872093023255814,0.8156606851549756
31,0.8074347587374898,0.8135822510822511,0.6340959668159485,0.8540322580645161,0.0002780439060454756,0.8708901363271853,0.8197389885807504
32,0.7978715159160235,0.8160443722943723,0.6330006718635559,0.853763440860215,0.0002219642456815607,0.871692060946271,0.8172920065252854
33,0.7946659717724953,0.8137175324675324,0.6320247054100037,0.8553763440860215,0.00017149035075615792,0.8724939855653568,0.8205546492659054
34,0.7874537088654258,0.8173971861471861,0.6315353512763977,0.8551075268817204,0.00012698588683881173,0.8704891740176424,0.8238172920065253
35,0.7848600339579892,0.8210497835497835,0.6307991147041321,0.8545698924731183,8.877150961186442e-05,0.8700882117080995,0.8230016313213703
36,0.7777760272934323,0.825297619047619,0.6301933526992798,0.8540322580645161,5.7122554538916014e-05,0.8688853247794708,0.8238172920065253
37,0.7782402638749126,0.8226190476190476,0.6295698285102844,0.8540322580645161,3.2267053066501125e-05,0.8688853247794708,0.8238172920065253
38,0.7764859268159577,0.8260010822510823,0.6291813254356384,0.853763440860215,1.4384089652291543e-05,0.8680834001603849,0.8246329526916802
39,0.774923743365647,0.8253246753246753,0.6290292143821716,0.853225806451613,3.6025114574734785e-06,0.8688853247794708,0.8213703099510603
40,0.7759529090546943,0.8270833333333333,0.628882646560669,0.8524193548387097,0.0,0.8684843624699278,0.8197389885807504
